,count,mean,std,min,25%,50%,75%,max
speed_kmh,1000.0,10.058035438913565,1.9931655408525242,2.629001587097597,8.756816992244886,10.037899012107637,11.40447210608087,15.992395391198407
cadence_spm,1000.0,154.43162824385297,15.142534017787318,101.27789082851046,144.36750224460738,154.90891080336388,164.24049371192916,204.6760188710696
stride_length_m,1000.0,1.2569383004670538,0.20968654132404296,0.5867979166753418,1.110404307125163,1.2518951960663682,1.3969057269971226,2.063619382966817
ground_contact_time_ms,1000.0,289.3740346876236,40.32672575850801,165.42946765207978,262.31715703804343,288.015482594894,316.31630425972406,432.7711864068853
